{"data":[{"discountRate":0.5053634480939551,"zglhj":3.5208910882E10,"name":"东上航","twoSeatingRate":0.5171137561437792,"averageRevenue":751.0413216779347,"plf":0.8075132499919285,"startincome":0.46865345373358647},{"discountRate":0.5131576948616158,"zglhj":4.0776033549E10,"name":"南航","twoSeatingRate":0.5666929548082399,"averageRevenue":877.4063893893201,"plf":0.8213415214295983,"startincome":0.46616134674931187}]}