{
    "data": {
        "不含燃油": [{
            "飞机利用率": 0.0,
            "客座率": 0.014567266495287062,
            "客运收入": 0.25629988517670144,
            "边际贡献": 0.4669071188696296,
            "座公里收入": 0.17068322981366457,
            "平均票价": 0.13925548368794677,
            "腹舱收入": -0.023099227856707698,
            "利润": -11.642122362639618,
            "全成本": 0.135303196852379,
            "座公里": 0.073134695499246,
            "粒度": "2019-01"
        }],
        "dataType": "3",
        "含燃油": [{
            "飞机利用率": 0.0,
            "客座率": 0.014567266495287062,
            "客运收入": 0.26710952966942175,
            "边际贡献": 0.4669071188696296,
            "座公里收入": 0.1806652309164872,
            "平均票价": 0.14905805242925826,
            "腹舱收入": -0.023099227856707698,
            "利润": -11.642122362639618,
            "全成本": 0.135303196852379,
            "座公里": 0.073134695499246,
            "粒度": "2019-01"
        }]
    }
}