{
    "data": {
        "燃油附加费对客运收入影响": 27513.707007959998,
        "客公里收入(不含燃油附加费)对客运收入影响": 259512.0019022399,
        "客座率对客运收入影响": 4.503440926276202E-6,
        "油价变化对成本影响": 6.1461553925552,
        "腹舱收入变化": -1.5357552631199956E7,
        "运力变化对成本影响": 120104.66433279998,
        "成本水平（不含油价）变化对成本影响": 101849.19760204763,
        "运力变化对客运收入影响": 3.05629892491349E-6
    }
}